keyword_id,keyword
1,Generative Models
2,Self-Supervised Learning
3,Ethics and Bias in AI
4,Foundation Models
5,AI
6,LLMs
7,Causal Discovery
8,Artificial Intelligence
9,Natural Language Processing
10,Data Mining
11,XAI
12,Large Language Models
13,Bayesian Inference
14,Computer Vision
15,Artificial General Intelligence
16,Big Data
17,Deep Learning
18,Graph Neural Networks
19,Multi-Agent Systems
20,Causal Inference
21,Reinforcement Learning
22,Interpretable Machine Learning
23,Machine Learning
24,AGI
25,Explainable AI
26,NLP
27,VLMs
